<?xml version="1.0" encoding="UTF-8"?>
<GenRun Id="impl_1" LaunchPart="xc7a35tcpg236-1" LaunchTime="1648112289">
  <File Type="OPT-HWDEF" Name="seq_det_full_vhdl.hwdef"/>
  <File Type="ROUTE-BUS-SKEW" Name="seq_det_full_vhdl_bus_skew_routed.rpt"/>
  <File Type="PA-DCP" Name="seq_det_full_vhdl.dcp"/>
  <File Type="BITSTR-BMM" Name="seq_det_full_vhdl_bd.bmm"/>
  <File Type="OPT-METHODOLOGY-DRC" Name="seq_det_full_vhdl_methodology_drc_opted.rpt"/>
  <File Type="INIT-TIMING" Name="seq_det_full_vhdl_timing_summary_init.rpt"/>
  <File Type="ROUTE-PWR" Name="seq_det_full_vhdl_power_routed.rpt"/>
  <File Type="PA-TCL" Name="seq_det_full_vhdl.tcl"/>
  <File Type="OPT-TIMING" Name="seq_det_full_vhdl_timing_summary_opted.rpt"/>
  <File Type="OPT-DCP" Name="seq_det_full_vhdl_opt.dcp"/>
  <File Type="ROUTE-PWR-SUM" Name="seq_det_full_vhdl_power_summary_routed.pb"/>
  <File Type="REPORTS-TCL" Name="seq_det_full_vhdl_reports.tcl"/>
  <File Type="OPT-DRC" Name="seq_det_full_vhdl_drc_opted.rpt"/>
  <File Type="PWROPT-DCP" Name="seq_det_full_vhdl_pwropt.dcp"/>
  <File Type="PWROPT-DRC" Name="seq_det_full_vhdl_drc_pwropted.rpt"/>
  <File Type="PWROPT-TIMING" Name="seq_det_full_vhdl_timing_summary_pwropted.rpt"/>
  <File Type="PLACE-DCP" Name="seq_det_full_vhdl_placed.dcp"/>
  <File Type="PLACE-IO" Name="seq_det_full_vhdl_io_placed.rpt"/>
  <File Type="PLACE-CLK" Name="seq_det_full_vhdl_clock_utilization_placed.rpt"/>
  <File Type="PLACE-UTIL" Name="seq_det_full_vhdl_utilization_placed.rpt"/>
  <File Type="PLACE-UTIL-PB" Name="seq_det_full_vhdl_utilization_placed.pb"/>
  <File Type="PLACE-CTRL" Name="seq_det_full_vhdl_control_sets_placed.rpt"/>
  <File Type="PLACE-SIMILARITY" Name="seq_det_full_vhdl_incremental_reuse_placed.rpt"/>
  <File Type="PLACE-PRE-SIMILARITY" Name="seq_det_full_vhdl_incremental_reuse_pre_placed.rpt"/>
  <File Type="PLACE-TIMING" Name="seq_det_full_vhdl_timing_summary_placed.rpt"/>
  <File Type="POSTPLACE-PWROPT-DCP" Name="seq_det_full_vhdl_postplace_pwropt.dcp"/>
  <File Type="BG-BIN" Name="seq_det_full_vhdl.bin"/>
  <File Type="POSTPLACE-PWROPT-TIMING" Name="seq_det_full_vhdl_timing_summary_postplace_pwropted.rpt"/>
  <File Type="PHYSOPT-DCP" Name="seq_det_full_vhdl_physopt.dcp"/>
  <File Type="PHYSOPT-DRC" Name="seq_det_full_vhdl_drc_physopted.rpt"/>
  <File Type="BITSTR-MSK" Name="seq_det_full_vhdl.msk"/>
  <File Type="PHYSOPT-TIMING" Name="seq_det_full_vhdl_timing_summary_physopted.rpt"/>
  <File Type="ROUTE-ERROR-DCP" Name="seq_det_full_vhdl_routed_error.dcp"/>
  <File Type="ROUTE-DCP" Name="seq_det_full_vhdl_routed.dcp"/>
  <File Type="ROUTE-BLACKBOX-DCP" Name="seq_det_full_vhdl_routed_bb.dcp"/>
  <File Type="ROUTE-DRC" Name="seq_det_full_vhdl_drc_routed.rpt"/>
  <File Type="ROUTE-DRC-PB" Name="seq_det_full_vhdl_drc_routed.pb"/>
  <File Type="BITSTR-LTX" Name="debug_nets.ltx"/>
  <File Type="BITSTR-LTX" Name="seq_det_full_vhdl.ltx"/>
  <File Type="ROUTE-DRC-RPX" Name="seq_det_full_vhdl_drc_routed.rpx"/>
  <File Type="BITSTR-MMI" Name="seq_det_full_vhdl.mmi"/>
  <File Type="ROUTE-METHODOLOGY-DRC" Name="seq_det_full_vhdl_methodology_drc_routed.rpt"/>
  <File Type="ROUTE-METHODOLOGY-DRC-RPX" Name="seq_det_full_vhdl_methodology_drc_routed.rpx"/>
  <File Type="BITSTR-SYSDEF" Name="seq_det_full_vhdl.sysdef"/>
  <File Type="ROUTE-METHODOLOGY-DRC-PB" Name="seq_det_full_vhdl_methodology_drc_routed.pb"/>
  <File Type="ROUTE-PWR-RPX" Name="seq_det_full_vhdl_power_routed.rpx"/>
  <File Type="ROUTE-STATUS" Name="seq_det_full_vhdl_route_status.rpt"/>
  <File Type="ROUTE-STATUS-PB" Name="seq_det_full_vhdl_route_status.pb"/>
  <File Type="ROUTE-TIMINGSUMMARY" Name="seq_det_full_vhdl_timing_summary_routed.rpt"/>
  <File Type="ROUTE-TIMING-PB" Name="seq_det_full_vhdl_timing_summary_routed.pb"/>
  <File Type="ROUTE-TIMING-RPX" Name="seq_det_full_vhdl_timing_summary_routed.rpx"/>
  <File Type="ROUTE-SIMILARITY" Name="seq_det_full_vhdl_incremental_reuse_routed.rpt"/>
  <File Type="ROUTE-CLK" Name="seq_det_full_vhdl_clock_utilization_routed.rpt"/>
  <File Type="ROUTE-BUS-SKEW-PB" Name="seq_det_full_vhdl_bus_skew_routed.pb"/>
  <File Type="ROUTE-BUS-SKEW-RPX" Name="seq_det_full_vhdl_bus_skew_routed.rpx"/>
  <File Type="POSTROUTE-PHYSOPT-DCP" Name="seq_det_full_vhdl_postroute_physopt.dcp"/>
  <File Type="POSTROUTE-PHYSOPT-BLACKBOX-DCP" Name="seq_det_full_vhdl_postroute_physopt_bb.dcp"/>
  <File Type="POSTROUTE-PHYSOPT-TIMING" Name="seq_det_full_vhdl_timing_summary_postroute_physopted.rpt"/>
  <File Type="POSTROUTE-PHYSOPT-TIMING-PB" Name="seq_det_full_vhdl_timing_summary_postroute_physopted.pb"/>
  <File Type="POSTROUTE-PHYSOPT-TIMING-RPX" Name="seq_det_full_vhdl_timing_summary_postroute_physopted.rpx"/>
  <File Type="POSTROUTE-PHYSOPT-BUS-SKEW" Name="seq_det_full_vhdl_bus_skew_postroute_physopted.rpt"/>
  <File Type="POSTROUTE-PHYSOPT-BUS-SKEW-PB" Name="seq_det_full_vhdl_bus_skew_postroute_physopted.pb"/>
  <File Type="BG-BIT" Name="seq_det_full_vhdl.bit"/>
  <File Type="POSTROUTE-PHYSOPT-BUS-SKEW-RPX" Name="seq_det_full_vhdl_bus_skew_postroute_physopted.rpx"/>
  <File Type="BITSTR-RBT" Name="seq_det_full_vhdl.rbt"/>
  <File Type="BITSTR-NKY" Name="seq_det_full_vhdl.nky"/>
  <File Type="BG-BGN" Name="seq_det_full_vhdl.bgn"/>
  <File Type="BG-DRC" Name="seq_det_full_vhdl.drc"/>
  <File Type="RDI-RDI" Name="seq_det_full_vhdl.vdi"/>
  <File Type="WBT-USG" Name="usage_statistics_webtalk.html"/>
  <FileSet Name="sources" Type="DesignSrcs" RelSrcDir="$PSRCDIR/sources_1">
    <Filter Type="Srcs"/>
    <File Path="$PSRCDIR/sources_1/imports/Downloads/l5_next_state_logic.vhd">
      <FileInfo>
        <Attr Name="ImportPath" Val="$PPRDIR/../../../../../Downloads/l5_next_state_logic.vhd"/>
        <Attr Name="ImportTime" Val="1647514581"/>
        <Attr Name="UsedIn" Val="synthesis"/>
        <Attr Name="UsedIn" Val="simulation"/>
      </FileInfo>
    </File>
    <File Path="$PSRCDIR/sources_1/imports/Downloads/l5_output_logic.vhd">
      <FileInfo>
        <Attr Name="ImportPath" Val="$PPRDIR/../../../../../Downloads/l5_output_logic.vhd"/>
        <Attr Name="ImportTime" Val="1647514583"/>
        <Attr Name="UsedIn" Val="synthesis"/>
        <Attr Name="UsedIn" Val="simulation"/>
      </FileInfo>
    </File>
    <File Path="$PSRCDIR/sources_1/imports/tmp/seq_detector.vhd">
      <FileInfo>
        <Attr Name="ImportPath" Val="$PPRDIR/tmp/seq_detector.vhd"/>
        <Attr Name="ImportTime" Val="1648112149"/>
        <Attr Name="UsedIn" Val="synthesis"/>
        <Attr Name="UsedIn" Val="simulation"/>
      </FileInfo>
    </File>
    <File Path="$PSRCDIR/sources_1/imports/tmp/seq_det_full.vhd">
      <FileInfo>
        <Attr Name="ImportPath" Val="$PPRDIR/tmp/seq_det_full.vhd"/>
        <Attr Name="ImportTime" Val="1648112193"/>
        <Attr Name="UsedIn" Val="synthesis"/>
        <Attr Name="UsedIn" Val="simulation"/>
      </FileInfo>
    </File>
    <File Path="$PSRCDIR/sources_1/bd/seq_detector/seq_detector.bd">
      <FileInfo>
        <Attr Name="AutoDisabled" Val="1"/>
        <Attr Name="UsedIn" Val="synthesis"/>
        <Attr Name="UsedIn" Val="implementation"/>
        <Attr Name="UsedIn" Val="simulation"/>
      </FileInfo>
    </File>
    <File Path="$PSRCDIR/sources_1/bd/seq_det_full/seq_det_full.bd">
      <FileInfo>
        <Attr Name="AutoDisabled" Val="1"/>
        <Attr Name="UsedIn" Val="synthesis"/>
        <Attr Name="UsedIn" Val="implementation"/>
        <Attr Name="UsedIn" Val="simulation"/>
      </FileInfo>
    </File>
    <Config>
      <Option Name="DesignMode" Val="RTL"/>
      <Option Name="TopModule" Val="seq_det_full_vhdl"/>
    </Config>
  </FileSet>
  <FileSet Name="constrs_in" Type="Constrs" RelSrcDir="$PSRCDIR/constrs_1">
    <Filter Type="Constrs"/>
    <File Path="$PSRCDIR/constrs_1/new/detector.xdc">
      <FileInfo>
        <Attr Name="UsedIn" Val="synthesis"/>
        <Attr Name="UsedIn" Val="implementation"/>
      </FileInfo>
    </File>
    <Config>
      <Option Name="TargetConstrsFile" Val="$PSRCDIR/constrs_1/new/detector.xdc"/>
      <Option Name="ConstrsType" Val="XDC"/>
    </Config>
  </FileSet>
  <Strategy Version="1" Minor="2">
    <StratHandle Name="Vivado Implementation Defaults" Flow="Vivado Implementation 2018"/>
    <Step Id="init_design"/>
    <Step Id="opt_design"/>
    <Step Id="power_opt_design"/>
    <Step Id="place_design"/>
    <Step Id="post_place_power_opt_design"/>
    <Step Id="phys_opt_design"/>
    <Step Id="route_design"/>
    <Step Id="post_route_phys_opt_design"/>
    <Step Id="write_bitstream"/>
  </Strategy>
</GenRun>
