<?xml version="1.0" encoding="UTF-8"?>
<GenRun Id="synth_1" LaunchPart="xc7a35tcpg236-1" LaunchTime="1647506464">
  <File Type="PA-TCL" Name="citac_vhdl.tcl"/>
  <File Type="RDS-PROPCONSTRS" Name="citac_vhdl_drc_synth.rpt"/>
  <File Type="REPORTS-TCL" Name="citac_vhdl_reports.tcl"/>
  <File Type="RDS-RDS" Name="citac_vhdl.vds"/>
  <File Type="RDS-UTIL" Name="citac_vhdl_utilization_synth.rpt"/>
  <File Type="RDS-UTIL-PB" Name="citac_vhdl_utilization_synth.pb"/>
  <File Type="RDS-DCP" Name="citac_vhdl.dcp"/>
  <File Type="VDS-TIMINGSUMMARY" Name="citac_vhdl_timing_summary_synth.rpt"/>
  <File Type="VDS-TIMING-PB" Name="citac_vhdl_timing_summary_synth.pb"/>
  <FileSet Name="sources" Type="DesignSrcs" RelSrcDir="$PSRCDIR/sources_1">
    <Filter Type="Srcs"/>
    <File Path="$PSRCDIR/sources_1/imports/Downloads/l4_next_state_logic.vhd">
      <FileInfo>
        <Attr Name="ImportPath" Val="$PPRDIR/../../../../../Downloads/l4_next_state_logic.vhd"/>
        <Attr Name="ImportTime" Val="1646957101"/>
        <Attr Name="UsedIn" Val="synthesis"/>
        <Attr Name="UsedIn" Val="simulation"/>
      </FileInfo>
    </File>
    <File Path="$PSRCDIR/sources_1/imports/Downloads/l4_output_logic.vhd">
      <FileInfo>
        <Attr Name="ImportPath" Val="$PPRDIR/../../../../../Downloads/l4_output_logic.vhd"/>
        <Attr Name="ImportTime" Val="1646957103"/>
        <Attr Name="UsedIn" Val="synthesis"/>
        <Attr Name="UsedIn" Val="simulation"/>
      </FileInfo>
    </File>
    <File Path="$PSRCDIR/sources_1/imports/tmp/moore.vhd">
      <FileInfo>
        <Attr Name="ImportPath" Val="$PPRDIR/tmp/moore.vhd"/>
        <Attr Name="ImportTime" Val="1647504917"/>
        <Attr Name="UsedIn" Val="synthesis"/>
        <Attr Name="UsedIn" Val="simulation"/>
      </FileInfo>
    </File>
    <File Path="$PSRCDIR/sources_1/imports/tmp/citac.vhd">
      <FileInfo>
        <Attr Name="ImportPath" Val="$PPRDIR/tmp/citac.vhd"/>
        <Attr Name="ImportTime" Val="1647506331"/>
        <Attr Name="UsedIn" Val="synthesis"/>
        <Attr Name="UsedIn" Val="simulation"/>
      </FileInfo>
    </File>
    <File Path="$PSRCDIR/sources_1/bd/moore/moore.bd">
      <FileInfo>
        <Attr Name="AutoDisabled" Val="1"/>
        <Attr Name="UsedIn" Val="synthesis"/>
        <Attr Name="UsedIn" Val="implementation"/>
        <Attr Name="UsedIn" Val="simulation"/>
      </FileInfo>
    </File>
    <File Path="$PSRCDIR/sources_1/bd/citac/citac.bd">
      <FileInfo>
        <Attr Name="AutoDisabled" Val="1"/>
        <Attr Name="UsedIn" Val="synthesis"/>
        <Attr Name="UsedIn" Val="implementation"/>
        <Attr Name="UsedIn" Val="simulation"/>
      </FileInfo>
    </File>
    <Config>
      <Option Name="DesignMode" Val="RTL"/>
      <Option Name="TopModule" Val="citac_vhdl"/>
    </Config>
  </FileSet>
  <FileSet Name="constrs_in" Type="Constrs" RelSrcDir="$PSRCDIR/constrs_1">
    <Filter Type="Constrs"/>
    <File Path="$PSRCDIR/constrs_1/new/citac.xdc">
      <FileInfo>
        <Attr Name="UsedIn" Val="synthesis"/>
        <Attr Name="UsedIn" Val="implementation"/>
      </FileInfo>
    </File>
    <Config>
      <Option Name="TargetConstrsFile" Val="$PSRCDIR/constrs_1/new/citac.xdc"/>
      <Option Name="ConstrsType" Val="XDC"/>
    </Config>
  </FileSet>
  <Strategy Version="1" Minor="2">
    <StratHandle Name="Vivado Synthesis Defaults" Flow="Vivado Synthesis 2018"/>
    <Step Id="synth_design"/>
  </Strategy>
</GenRun>
