<?xml version="1.0" encoding="UTF-8"?>
<GenRun Id="impl_1" LaunchPart="xc7a35tcpg236-1" LaunchTime="1648413024">
  <File Type="BITSTR-BMM" Name="forbes_main_vhdl_bd.bmm"/>
  <File Type="OPT-METHODOLOGY-DRC" Name="forbes_main_vhdl_methodology_drc_opted.rpt"/>
  <File Type="INIT-TIMING" Name="forbes_main_vhdl_timing_summary_init.rpt"/>
  <File Type="ROUTE-PWR" Name="forbes_main_vhdl_power_routed.rpt"/>
  <File Type="PA-TCL" Name="forbes_main_vhdl.tcl"/>
  <File Type="OPT-TIMING" Name="forbes_main_vhdl_timing_summary_opted.rpt"/>
  <File Type="OPT-DCP" Name="forbes_main_vhdl_opt.dcp"/>
  <File Type="ROUTE-PWR-SUM" Name="forbes_main_vhdl_power_summary_routed.pb"/>
  <File Type="REPORTS-TCL" Name="forbes_main_vhdl_reports.tcl"/>
  <File Type="OPT-DRC" Name="forbes_main_vhdl_drc_opted.rpt"/>
  <File Type="OPT-HWDEF" Name="forbes_main_vhdl.hwdef"/>
  <File Type="PWROPT-DCP" Name="forbes_main_vhdl_pwropt.dcp"/>
  <File Type="PWROPT-DRC" Name="forbes_main_vhdl_drc_pwropted.rpt"/>
  <File Type="PWROPT-TIMING" Name="forbes_main_vhdl_timing_summary_pwropted.rpt"/>
  <File Type="PLACE-DCP" Name="forbes_main_vhdl_placed.dcp"/>
  <File Type="PLACE-IO" Name="forbes_main_vhdl_io_placed.rpt"/>
  <File Type="PLACE-CLK" Name="forbes_main_vhdl_clock_utilization_placed.rpt"/>
  <File Type="PLACE-UTIL" Name="forbes_main_vhdl_utilization_placed.rpt"/>
  <File Type="PLACE-UTIL-PB" Name="forbes_main_vhdl_utilization_placed.pb"/>
  <File Type="PLACE-CTRL" Name="forbes_main_vhdl_control_sets_placed.rpt"/>
  <File Type="PLACE-SIMILARITY" Name="forbes_main_vhdl_incremental_reuse_placed.rpt"/>
  <File Type="PLACE-PRE-SIMILARITY" Name="forbes_main_vhdl_incremental_reuse_pre_placed.rpt"/>
  <File Type="BG-BGN" Name="forbes_main_vhdl.bgn"/>
  <File Type="PLACE-TIMING" Name="forbes_main_vhdl_timing_summary_placed.rpt"/>
  <File Type="POSTPLACE-PWROPT-DCP" Name="forbes_main_vhdl_postplace_pwropt.dcp"/>
  <File Type="BG-BIN" Name="forbes_main_vhdl.bin"/>
  <File Type="POSTPLACE-PWROPT-TIMING" Name="forbes_main_vhdl_timing_summary_postplace_pwropted.rpt"/>
  <File Type="PHYSOPT-DCP" Name="forbes_main_vhdl_physopt.dcp"/>
  <File Type="PHYSOPT-DRC" Name="forbes_main_vhdl_drc_physopted.rpt"/>
  <File Type="BITSTR-MSK" Name="forbes_main_vhdl.msk"/>
  <File Type="PHYSOPT-TIMING" Name="forbes_main_vhdl_timing_summary_physopted.rpt"/>
  <File Type="ROUTE-ERROR-DCP" Name="forbes_main_vhdl_routed_error.dcp"/>
  <File Type="ROUTE-DCP" Name="forbes_main_vhdl_routed.dcp"/>
  <File Type="ROUTE-BLACKBOX-DCP" Name="forbes_main_vhdl_routed_bb.dcp"/>
  <File Type="ROUTE-DRC" Name="forbes_main_vhdl_drc_routed.rpt"/>
  <File Type="ROUTE-DRC-PB" Name="forbes_main_vhdl_drc_routed.pb"/>
  <File Type="BITSTR-LTX" Name="debug_nets.ltx"/>
  <File Type="BITSTR-LTX" Name="forbes_main_vhdl.ltx"/>
  <File Type="ROUTE-DRC-RPX" Name="forbes_main_vhdl_drc_routed.rpx"/>
  <File Type="BITSTR-MMI" Name="forbes_main_vhdl.mmi"/>
  <File Type="ROUTE-METHODOLOGY-DRC" Name="forbes_main_vhdl_methodology_drc_routed.rpt"/>
  <File Type="ROUTE-METHODOLOGY-DRC-RPX" Name="forbes_main_vhdl_methodology_drc_routed.rpx"/>
  <File Type="BITSTR-SYSDEF" Name="forbes_main_vhdl.sysdef"/>
  <File Type="ROUTE-METHODOLOGY-DRC-PB" Name="forbes_main_vhdl_methodology_drc_routed.pb"/>
  <File Type="ROUTE-PWR-RPX" Name="forbes_main_vhdl_power_routed.rpx"/>
  <File Type="ROUTE-STATUS" Name="forbes_main_vhdl_route_status.rpt"/>
  <File Type="ROUTE-STATUS-PB" Name="forbes_main_vhdl_route_status.pb"/>
  <File Type="ROUTE-TIMINGSUMMARY" Name="forbes_main_vhdl_timing_summary_routed.rpt"/>
  <File Type="ROUTE-TIMING-PB" Name="forbes_main_vhdl_timing_summary_routed.pb"/>
  <File Type="ROUTE-TIMING-RPX" Name="forbes_main_vhdl_timing_summary_routed.rpx"/>
  <File Type="ROUTE-SIMILARITY" Name="forbes_main_vhdl_incremental_reuse_routed.rpt"/>
  <File Type="ROUTE-CLK" Name="forbes_main_vhdl_clock_utilization_routed.rpt"/>
  <File Type="ROUTE-BUS-SKEW" Name="forbes_main_vhdl_bus_skew_routed.rpt"/>
  <File Type="ROUTE-BUS-SKEW-PB" Name="forbes_main_vhdl_bus_skew_routed.pb"/>
  <File Type="ROUTE-BUS-SKEW-RPX" Name="forbes_main_vhdl_bus_skew_routed.rpx"/>
  <File Type="POSTROUTE-PHYSOPT-DCP" Name="forbes_main_vhdl_postroute_physopt.dcp"/>
  <File Type="POSTROUTE-PHYSOPT-BLACKBOX-DCP" Name="forbes_main_vhdl_postroute_physopt_bb.dcp"/>
  <File Type="POSTROUTE-PHYSOPT-TIMING" Name="forbes_main_vhdl_timing_summary_postroute_physopted.rpt"/>
  <File Type="POSTROUTE-PHYSOPT-TIMING-PB" Name="forbes_main_vhdl_timing_summary_postroute_physopted.pb"/>
  <File Type="POSTROUTE-PHYSOPT-TIMING-RPX" Name="forbes_main_vhdl_timing_summary_postroute_physopted.rpx"/>
  <File Type="POSTROUTE-PHYSOPT-BUS-SKEW" Name="forbes_main_vhdl_bus_skew_postroute_physopted.rpt"/>
  <File Type="POSTROUTE-PHYSOPT-BUS-SKEW-PB" Name="forbes_main_vhdl_bus_skew_postroute_physopted.pb"/>
  <File Type="BG-BIT" Name="forbes_main_vhdl.bit"/>
  <File Type="POSTROUTE-PHYSOPT-BUS-SKEW-RPX" Name="forbes_main_vhdl_bus_skew_postroute_physopted.rpx"/>
  <File Type="BITSTR-RBT" Name="forbes_main_vhdl.rbt"/>
  <File Type="BITSTR-NKY" Name="forbes_main_vhdl.nky"/>
  <File Type="BG-DRC" Name="forbes_main_vhdl.drc"/>
  <File Type="RDI-RDI" Name="forbes_main_vhdl.vdi"/>
  <File Type="WBT-USG" Name="usage_statistics_webtalk.html"/>
  <FileSet Name="sources" Type="DesignSrcs" RelSrcDir="$PSRCDIR/sources_1">
    <Filter Type="Srcs"/>
    <File Path="$PSRCDIR/sources_1/imports/tmp/controller.vhd">
      <FileInfo>
        <Attr Name="ImportPath" Val="$PPRDIR/tmp/controller.vhd"/>
        <Attr Name="ImportTime" Val="1648412408"/>
        <Attr Name="UsedIn" Val="synthesis"/>
        <Attr Name="UsedIn" Val="simulation"/>
      </FileInfo>
    </File>
    <File Path="$PSRCDIR/sources_1/imports/marti/Desktop/decoder_algebra.vhd">
      <FileInfo>
        <Attr Name="ImportPath" Val="$PPRDIR/../../../../decoder_algebra.vhd"/>
        <Attr Name="ImportTime" Val="1645803627"/>
        <Attr Name="UsedIn" Val="synthesis"/>
        <Attr Name="UsedIn" Val="simulation"/>
      </FileInfo>
    </File>
    <File Path="$PSRCDIR/sources_1/imports/marti/Downloads/l6_counter.vhd">
      <FileInfo>
        <Attr Name="ImportPath" Val="$PPRDIR/../../../../../Downloads/l6_counter.vhd"/>
        <Attr Name="ImportTime" Val="1648114026"/>
        <Attr Name="UsedIn" Val="synthesis"/>
        <Attr Name="UsedIn" Val="simulation"/>
      </FileInfo>
    </File>
    <File Path="$PSRCDIR/sources_1/imports/Downloads/next_state_logic.vhd">
      <FileInfo>
        <Attr Name="ImportPath" Val="$PPRDIR/../../../../../Downloads/next_state_logic.vhd"/>
        <Attr Name="ImportTime" Val="1648164950"/>
        <Attr Name="UsedIn" Val="synthesis"/>
        <Attr Name="UsedIn" Val="simulation"/>
      </FileInfo>
    </File>
    <File Path="$PSRCDIR/sources_1/imports/Downloads/output_logic.vhd">
      <FileInfo>
        <Attr Name="ImportPath" Val="$PPRDIR/../../../../../Downloads/output_logic.vhd"/>
        <Attr Name="ImportTime" Val="1648165300"/>
        <Attr Name="UsedIn" Val="synthesis"/>
        <Attr Name="UsedIn" Val="simulation"/>
      </FileInfo>
    </File>
    <File Path="$PSRCDIR/sources_1/imports/tmp/shift_reg.vhd">
      <FileInfo>
        <Attr Name="ImportPath" Val="$PPRDIR/tmp/shift_reg.vhd"/>
        <Attr Name="ImportTime" Val="1648408441"/>
        <Attr Name="UsedIn" Val="synthesis"/>
        <Attr Name="UsedIn" Val="simulation"/>
      </FileInfo>
    </File>
    <File Path="$PSRCDIR/sources_1/imports/tmp/forbes_main.vhd">
      <FileInfo>
        <Attr Name="ImportPath" Val="$PPRDIR/tmp/forbes_main.vhd"/>
        <Attr Name="ImportTime" Val="1648412510"/>
        <Attr Name="UsedIn" Val="synthesis"/>
        <Attr Name="UsedIn" Val="simulation"/>
      </FileInfo>
    </File>
    <File Path="$PSRCDIR/sources_1/imports/Downloads/l6_forbes_test.vhd">
      <FileInfo>
        <Attr Name="AutoDisabled" Val="1"/>
        <Attr Name="ImportPath" Val="$PPRDIR/../../../../../Downloads/l6_forbes_test.vhd"/>
        <Attr Name="ImportTime" Val="1648165606"/>
        <Attr Name="UsedIn" Val="synthesis"/>
        <Attr Name="UsedIn" Val="simulation"/>
      </FileInfo>
    </File>
    <File Path="$PSRCDIR/sources_1/imports/tmp/forbes_simulation.vhd">
      <FileInfo>
        <Attr Name="AutoDisabled" Val="1"/>
        <Attr Name="ImportPath" Val="$PPRDIR/tmp/forbes_simulation.vhd"/>
        <Attr Name="ImportTime" Val="1648412430"/>
        <Attr Name="UsedIn" Val="synthesis"/>
        <Attr Name="UsedIn" Val="simulation"/>
      </FileInfo>
    </File>
    <File Path="$PSRCDIR/sources_1/bd/shift_reg/shift_reg.bd">
      <FileInfo>
        <Attr Name="AutoDisabled" Val="1"/>
        <Attr Name="UsedIn" Val="synthesis"/>
        <Attr Name="UsedIn" Val="implementation"/>
        <Attr Name="UsedIn" Val="simulation"/>
      </FileInfo>
    </File>
    <File Path="$PSRCDIR/sources_1/bd/forbes_main/forbes_main.bd">
      <FileInfo>
        <Attr Name="AutoDisabled" Val="1"/>
        <Attr Name="UsedIn" Val="synthesis"/>
        <Attr Name="UsedIn" Val="implementation"/>
        <Attr Name="UsedIn" Val="simulation"/>
      </FileInfo>
    </File>
    <File Path="$PSRCDIR/sources_1/bd/controller/controller.bd">
      <FileInfo>
        <Attr Name="AutoDisabled" Val="1"/>
        <Attr Name="UsedIn" Val="synthesis"/>
        <Attr Name="UsedIn" Val="implementation"/>
        <Attr Name="UsedIn" Val="simulation"/>
      </FileInfo>
    </File>
    <File Path="$PSRCDIR/sources_1/bd/forbes_simulation/forbes_simulation.bd">
      <FileInfo>
        <Attr Name="AutoDisabled" Val="1"/>
        <Attr Name="UsedIn" Val="synthesis"/>
        <Attr Name="UsedIn" Val="implementation"/>
        <Attr Name="UsedIn" Val="simulation"/>
      </FileInfo>
    </File>
    <Config>
      <Option Name="DesignMode" Val="RTL"/>
      <Option Name="TopModule" Val="forbes_main_vhdl"/>
    </Config>
  </FileSet>
  <FileSet Name="constrs_in" Type="Constrs" RelSrcDir="$PSRCDIR/constrs_1">
    <Filter Type="Constrs"/>
    <File Path="$PSRCDIR/constrs_1/new/lab6.xdc">
      <FileInfo>
        <Attr Name="UsedIn" Val="synthesis"/>
        <Attr Name="UsedIn" Val="implementation"/>
      </FileInfo>
    </File>
    <Config>
      <Option Name="TargetConstrsFile" Val="$PSRCDIR/constrs_1/new/lab6.xdc"/>
      <Option Name="ConstrsType" Val="XDC"/>
    </Config>
  </FileSet>
  <Strategy Version="1" Minor="2">
    <StratHandle Name="Vivado Implementation Defaults" Flow="Vivado Implementation 2018"/>
    <Step Id="init_design"/>
    <Step Id="opt_design"/>
    <Step Id="power_opt_design"/>
    <Step Id="place_design"/>
    <Step Id="post_place_power_opt_design"/>
    <Step Id="phys_opt_design"/>
    <Step Id="route_design"/>
    <Step Id="post_route_phys_opt_design"/>
    <Step Id="write_bitstream"/>
  </Strategy>
</GenRun>
