<?xml version="1.0" encoding="UTF-8"?>
<GenRun Id="impl_1" LaunchPart="xc7a35tcpg236-1" LaunchTime="1646851729">
  <File Type="OPT-HWDEF" Name="scitacka_display_vhdl.hwdef"/>
  <File Type="ROUTE-BUS-SKEW" Name="scitacka_display_vhdl_bus_skew_routed.rpt"/>
  <File Type="PA-DCP" Name="scitacka_display_vhdl.dcp"/>
  <File Type="BITSTR-BMM" Name="scitacka_display_vhdl_bd.bmm"/>
  <File Type="OPT-METHODOLOGY-DRC" Name="scitacka_display_vhdl_methodology_drc_opted.rpt"/>
  <File Type="INIT-TIMING" Name="scitacka_display_vhdl_timing_summary_init.rpt"/>
  <File Type="ROUTE-PWR" Name="scitacka_display_vhdl_power_routed.rpt"/>
  <File Type="PA-TCL" Name="scitacka_display_vhdl.tcl"/>
  <File Type="OPT-TIMING" Name="scitacka_display_vhdl_timing_summary_opted.rpt"/>
  <File Type="OPT-DCP" Name="scitacka_display_vhdl_opt.dcp"/>
  <File Type="ROUTE-PWR-SUM" Name="scitacka_display_vhdl_power_summary_routed.pb"/>
  <File Type="REPORTS-TCL" Name="scitacka_display_vhdl_reports.tcl"/>
  <File Type="OPT-DRC" Name="scitacka_display_vhdl_drc_opted.rpt"/>
  <File Type="PWROPT-DCP" Name="scitacka_display_vhdl_pwropt.dcp"/>
  <File Type="PWROPT-DRC" Name="scitacka_display_vhdl_drc_pwropted.rpt"/>
  <File Type="PWROPT-TIMING" Name="scitacka_display_vhdl_timing_summary_pwropted.rpt"/>
  <File Type="PLACE-DCP" Name="scitacka_display_vhdl_placed.dcp"/>
  <File Type="PLACE-IO" Name="scitacka_display_vhdl_io_placed.rpt"/>
  <File Type="PLACE-CLK" Name="scitacka_display_vhdl_clock_utilization_placed.rpt"/>
  <File Type="PLACE-UTIL" Name="scitacka_display_vhdl_utilization_placed.rpt"/>
  <File Type="PLACE-UTIL-PB" Name="scitacka_display_vhdl_utilization_placed.pb"/>
  <File Type="PLACE-CTRL" Name="scitacka_display_vhdl_control_sets_placed.rpt"/>
  <File Type="PLACE-SIMILARITY" Name="scitacka_display_vhdl_incremental_reuse_placed.rpt"/>
  <File Type="PLACE-PRE-SIMILARITY" Name="scitacka_display_vhdl_incremental_reuse_pre_placed.rpt"/>
  <File Type="PLACE-TIMING" Name="scitacka_display_vhdl_timing_summary_placed.rpt"/>
  <File Type="POSTPLACE-PWROPT-DCP" Name="scitacka_display_vhdl_postplace_pwropt.dcp"/>
  <File Type="BG-BIN" Name="scitacka_display_vhdl.bin"/>
  <File Type="POSTPLACE-PWROPT-TIMING" Name="scitacka_display_vhdl_timing_summary_postplace_pwropted.rpt"/>
  <File Type="PHYSOPT-DCP" Name="scitacka_display_vhdl_physopt.dcp"/>
  <File Type="PHYSOPT-DRC" Name="scitacka_display_vhdl_drc_physopted.rpt"/>
  <File Type="BITSTR-MSK" Name="scitacka_display_vhdl.msk"/>
  <File Type="PHYSOPT-TIMING" Name="scitacka_display_vhdl_timing_summary_physopted.rpt"/>
  <File Type="ROUTE-ERROR-DCP" Name="scitacka_display_vhdl_routed_error.dcp"/>
  <File Type="ROUTE-DCP" Name="scitacka_display_vhdl_routed.dcp"/>
  <File Type="ROUTE-BLACKBOX-DCP" Name="scitacka_display_vhdl_routed_bb.dcp"/>
  <File Type="ROUTE-DRC" Name="scitacka_display_vhdl_drc_routed.rpt"/>
  <File Type="ROUTE-DRC-PB" Name="scitacka_display_vhdl_drc_routed.pb"/>
  <File Type="BITSTR-LTX" Name="debug_nets.ltx"/>
  <File Type="BITSTR-LTX" Name="scitacka_display_vhdl.ltx"/>
  <File Type="ROUTE-DRC-RPX" Name="scitacka_display_vhdl_drc_routed.rpx"/>
  <File Type="BITSTR-MMI" Name="scitacka_display_vhdl.mmi"/>
  <File Type="ROUTE-METHODOLOGY-DRC" Name="scitacka_display_vhdl_methodology_drc_routed.rpt"/>
  <File Type="ROUTE-METHODOLOGY-DRC-RPX" Name="scitacka_display_vhdl_methodology_drc_routed.rpx"/>
  <File Type="BITSTR-SYSDEF" Name="scitacka_display_vhdl.sysdef"/>
  <File Type="ROUTE-METHODOLOGY-DRC-PB" Name="scitacka_display_vhdl_methodology_drc_routed.pb"/>
  <File Type="ROUTE-PWR-RPX" Name="scitacka_display_vhdl_power_routed.rpx"/>
  <File Type="ROUTE-STATUS" Name="scitacka_display_vhdl_route_status.rpt"/>
  <File Type="ROUTE-STATUS-PB" Name="scitacka_display_vhdl_route_status.pb"/>
  <File Type="ROUTE-TIMINGSUMMARY" Name="scitacka_display_vhdl_timing_summary_routed.rpt"/>
  <File Type="ROUTE-TIMING-PB" Name="scitacka_display_vhdl_timing_summary_routed.pb"/>
  <File Type="ROUTE-TIMING-RPX" Name="scitacka_display_vhdl_timing_summary_routed.rpx"/>
  <File Type="ROUTE-SIMILARITY" Name="scitacka_display_vhdl_incremental_reuse_routed.rpt"/>
  <File Type="ROUTE-CLK" Name="scitacka_display_vhdl_clock_utilization_routed.rpt"/>
  <File Type="ROUTE-BUS-SKEW-PB" Name="scitacka_display_vhdl_bus_skew_routed.pb"/>
  <File Type="ROUTE-BUS-SKEW-RPX" Name="scitacka_display_vhdl_bus_skew_routed.rpx"/>
  <File Type="POSTROUTE-PHYSOPT-DCP" Name="scitacka_display_vhdl_postroute_physopt.dcp"/>
  <File Type="POSTROUTE-PHYSOPT-BLACKBOX-DCP" Name="scitacka_display_vhdl_postroute_physopt_bb.dcp"/>
  <File Type="POSTROUTE-PHYSOPT-TIMING" Name="scitacka_display_vhdl_timing_summary_postroute_physopted.rpt"/>
  <File Type="POSTROUTE-PHYSOPT-TIMING-PB" Name="scitacka_display_vhdl_timing_summary_postroute_physopted.pb"/>
  <File Type="POSTROUTE-PHYSOPT-TIMING-RPX" Name="scitacka_display_vhdl_timing_summary_postroute_physopted.rpx"/>
  <File Type="POSTROUTE-PHYSOPT-BUS-SKEW" Name="scitacka_display_vhdl_bus_skew_postroute_physopted.rpt"/>
  <File Type="POSTROUTE-PHYSOPT-BUS-SKEW-PB" Name="scitacka_display_vhdl_bus_skew_postroute_physopted.pb"/>
  <File Type="BG-BIT" Name="scitacka_display_vhdl.bit"/>
  <File Type="POSTROUTE-PHYSOPT-BUS-SKEW-RPX" Name="scitacka_display_vhdl_bus_skew_postroute_physopted.rpx"/>
  <File Type="BITSTR-RBT" Name="scitacka_display_vhdl.rbt"/>
  <File Type="BITSTR-NKY" Name="scitacka_display_vhdl.nky"/>
  <File Type="BG-BGN" Name="scitacka_display_vhdl.bgn"/>
  <File Type="BG-DRC" Name="scitacka_display_vhdl.drc"/>
  <File Type="RDI-RDI" Name="scitacka_display_vhdl.vdi"/>
  <File Type="WBT-USG" Name="usage_statistics_webtalk.html"/>
  <FileSet Name="sources" Type="DesignSrcs" RelSrcDir="$PSRCDIR/sources_1">
    <Filter Type="Srcs"/>
    <File Path="$PSRCDIR/sources_1/imports/tmp/adder.vhd">
      <FileInfo>
        <Attr Name="ImportPath" Val="$PPRDIR/tmp/adder.vhd"/>
        <Attr Name="ImportTime" Val="1645095031"/>
        <Attr Name="UsedIn" Val="synthesis"/>
        <Attr Name="UsedIn" Val="simulation"/>
      </FileInfo>
    </File>
    <File Path="$PSRCDIR/sources_1/imports/tmp/adder_4b.vhd">
      <FileInfo>
        <Attr Name="ImportPath" Val="$PPRDIR/tmp/adder_4b.vhd"/>
        <Attr Name="ImportTime" Val="1645691447"/>
        <Attr Name="UsedIn" Val="synthesis"/>
        <Attr Name="UsedIn" Val="simulation"/>
      </FileInfo>
    </File>
    <File Path="$PSRCDIR/sources_1/imports/Desktop/decoder_algebra.vhd">
      <FileInfo>
        <Attr Name="ImportPath" Val="$PPRDIR/../../../../decoder_algebra.vhd"/>
        <Attr Name="ImportTime" Val="1645803627"/>
        <Attr Name="UsedIn" Val="synthesis"/>
        <Attr Name="UsedIn" Val="simulation"/>
      </FileInfo>
    </File>
    <File Path="$PSRCDIR/sources_1/imports/tmp/fullAdder.vhd">
      <FileInfo>
        <Attr Name="ImportPath" Val="$PPRDIR/tmp/fullAdder.vhd"/>
        <Attr Name="ImportTime" Val="1645096034"/>
        <Attr Name="UsedIn" Val="synthesis"/>
        <Attr Name="UsedIn" Val="simulation"/>
      </FileInfo>
    </File>
    <File Path="$PSRCDIR/sources_1/imports/tmp/scitacka_display.vhd">
      <FileInfo>
        <Attr Name="ImportPath" Val="$PPRDIR/tmp/scitacka_display.vhd"/>
        <Attr Name="ImportTime" Val="1646851117"/>
        <Attr Name="UsedIn" Val="synthesis"/>
        <Attr Name="UsedIn" Val="simulation"/>
      </FileInfo>
    </File>
    <File Path="$PSRCDIR/sources_1/bd/adder/adder.bd">
      <FileInfo>
        <Attr Name="AutoDisabled" Val="1"/>
        <Attr Name="UsedIn" Val="synthesis"/>
        <Attr Name="UsedIn" Val="implementation"/>
        <Attr Name="UsedIn" Val="simulation"/>
      </FileInfo>
    </File>
    <File Path="$PSRCDIR/sources_1/bd/fullAdder/fullAdder.bd">
      <FileInfo>
        <Attr Name="AutoDisabled" Val="1"/>
        <Attr Name="UsedIn" Val="synthesis"/>
        <Attr Name="UsedIn" Val="implementation"/>
        <Attr Name="UsedIn" Val="simulation"/>
      </FileInfo>
    </File>
    <File Path="$PSRCDIR/sources_1/bd/adder_4b/adder_4b.bd">
      <FileInfo>
        <Attr Name="AutoDisabled" Val="1"/>
        <Attr Name="UsedIn" Val="synthesis"/>
        <Attr Name="UsedIn" Val="implementation"/>
        <Attr Name="UsedIn" Val="simulation"/>
      </FileInfo>
    </File>
    <File Path="$PSRCDIR/sources_1/bd/scitacka_display/scitacka_display.bd">
      <FileInfo>
        <Attr Name="AutoDisabled" Val="1"/>
        <Attr Name="UsedIn" Val="synthesis"/>
        <Attr Name="UsedIn" Val="implementation"/>
        <Attr Name="UsedIn" Val="simulation"/>
      </FileInfo>
    </File>
    <Config>
      <Option Name="DesignMode" Val="RTL"/>
      <Option Name="TopModule" Val="scitacka_display_vhdl"/>
    </Config>
  </FileSet>
  <FileSet Name="constrs_in" Type="Constrs" RelSrcDir="$PSRCDIR/constrs_1">
    <Filter Type="Constrs"/>
    <File Path="$PSRCDIR/constrs_1/new/gates.xdc">
      <FileInfo>
        <Attr Name="UsedIn" Val="synthesis"/>
        <Attr Name="UsedIn" Val="implementation"/>
      </FileInfo>
    </File>
    <Config>
      <Option Name="TargetConstrsFile" Val="$PSRCDIR/constrs_1/new/gates.xdc"/>
      <Option Name="ConstrsType" Val="XDC"/>
    </Config>
  </FileSet>
  <Strategy Version="1" Minor="2">
    <StratHandle Name="Vivado Implementation Defaults" Flow="Vivado Implementation 2018"/>
    <Step Id="init_design"/>
    <Step Id="opt_design"/>
    <Step Id="power_opt_design"/>
    <Step Id="place_design"/>
    <Step Id="post_place_power_opt_design"/>
    <Step Id="phys_opt_design"/>
    <Step Id="route_design"/>
    <Step Id="post_route_phys_opt_design"/>
    <Step Id="write_bitstream"/>
  </Strategy>
</GenRun>
