<?xml version="1.0" encoding="UTF-8"?>
<GenRun Id="impl_1" LaunchPart="xc7a35tcpg236-1" LaunchTime="1647507528">
  <File Type="BITSTR-BMM" Name="citac_vhdl_bd.bmm"/>
  <File Type="OPT-METHODOLOGY-DRC" Name="citac_vhdl_methodology_drc_opted.rpt"/>
  <File Type="INIT-TIMING" Name="citac_vhdl_timing_summary_init.rpt"/>
  <File Type="ROUTE-PWR" Name="citac_vhdl_power_routed.rpt"/>
  <File Type="PA-TCL" Name="citac_vhdl.tcl"/>
  <File Type="OPT-TIMING" Name="citac_vhdl_timing_summary_opted.rpt"/>
  <File Type="OPT-DCP" Name="citac_vhdl_opt.dcp"/>
  <File Type="ROUTE-PWR-SUM" Name="citac_vhdl_power_summary_routed.pb"/>
  <File Type="REPORTS-TCL" Name="citac_vhdl_reports.tcl"/>
  <File Type="OPT-DRC" Name="citac_vhdl_drc_opted.rpt"/>
  <File Type="OPT-HWDEF" Name="citac_vhdl.hwdef"/>
  <File Type="PWROPT-DCP" Name="citac_vhdl_pwropt.dcp"/>
  <File Type="PWROPT-DRC" Name="citac_vhdl_drc_pwropted.rpt"/>
  <File Type="PWROPT-TIMING" Name="citac_vhdl_timing_summary_pwropted.rpt"/>
  <File Type="PLACE-DCP" Name="citac_vhdl_placed.dcp"/>
  <File Type="PLACE-IO" Name="citac_vhdl_io_placed.rpt"/>
  <File Type="PLACE-CLK" Name="citac_vhdl_clock_utilization_placed.rpt"/>
  <File Type="PLACE-UTIL" Name="citac_vhdl_utilization_placed.rpt"/>
  <File Type="PLACE-UTIL-PB" Name="citac_vhdl_utilization_placed.pb"/>
  <File Type="PLACE-CTRL" Name="citac_vhdl_control_sets_placed.rpt"/>
  <File Type="PLACE-SIMILARITY" Name="citac_vhdl_incremental_reuse_placed.rpt"/>
  <File Type="PLACE-PRE-SIMILARITY" Name="citac_vhdl_incremental_reuse_pre_placed.rpt"/>
  <File Type="BG-BGN" Name="citac_vhdl.bgn"/>
  <File Type="PLACE-TIMING" Name="citac_vhdl_timing_summary_placed.rpt"/>
  <File Type="POSTPLACE-PWROPT-DCP" Name="citac_vhdl_postplace_pwropt.dcp"/>
  <File Type="BG-BIN" Name="citac_vhdl.bin"/>
  <File Type="POSTPLACE-PWROPT-TIMING" Name="citac_vhdl_timing_summary_postplace_pwropted.rpt"/>
  <File Type="PHYSOPT-DCP" Name="citac_vhdl_physopt.dcp"/>
  <File Type="PHYSOPT-DRC" Name="citac_vhdl_drc_physopted.rpt"/>
  <File Type="BITSTR-MSK" Name="citac_vhdl.msk"/>
  <File Type="PHYSOPT-TIMING" Name="citac_vhdl_timing_summary_physopted.rpt"/>
  <File Type="ROUTE-ERROR-DCP" Name="citac_vhdl_routed_error.dcp"/>
  <File Type="ROUTE-DCP" Name="citac_vhdl_routed.dcp"/>
  <File Type="ROUTE-BLACKBOX-DCP" Name="citac_vhdl_routed_bb.dcp"/>
  <File Type="ROUTE-DRC" Name="citac_vhdl_drc_routed.rpt"/>
  <File Type="ROUTE-DRC-PB" Name="citac_vhdl_drc_routed.pb"/>
  <File Type="BITSTR-LTX" Name="debug_nets.ltx"/>
  <File Type="BITSTR-LTX" Name="citac_vhdl.ltx"/>
  <File Type="ROUTE-DRC-RPX" Name="citac_vhdl_drc_routed.rpx"/>
  <File Type="BITSTR-MMI" Name="citac_vhdl.mmi"/>
  <File Type="ROUTE-METHODOLOGY-DRC" Name="citac_vhdl_methodology_drc_routed.rpt"/>
  <File Type="ROUTE-METHODOLOGY-DRC-RPX" Name="citac_vhdl_methodology_drc_routed.rpx"/>
  <File Type="BITSTR-SYSDEF" Name="citac_vhdl.sysdef"/>
  <File Type="ROUTE-METHODOLOGY-DRC-PB" Name="citac_vhdl_methodology_drc_routed.pb"/>
  <File Type="ROUTE-PWR-RPX" Name="citac_vhdl_power_routed.rpx"/>
  <File Type="ROUTE-STATUS" Name="citac_vhdl_route_status.rpt"/>
  <File Type="ROUTE-STATUS-PB" Name="citac_vhdl_route_status.pb"/>
  <File Type="ROUTE-TIMINGSUMMARY" Name="citac_vhdl_timing_summary_routed.rpt"/>
  <File Type="ROUTE-TIMING-PB" Name="citac_vhdl_timing_summary_routed.pb"/>
  <File Type="ROUTE-TIMING-RPX" Name="citac_vhdl_timing_summary_routed.rpx"/>
  <File Type="ROUTE-SIMILARITY" Name="citac_vhdl_incremental_reuse_routed.rpt"/>
  <File Type="ROUTE-CLK" Name="citac_vhdl_clock_utilization_routed.rpt"/>
  <File Type="ROUTE-BUS-SKEW" Name="citac_vhdl_bus_skew_routed.rpt"/>
  <File Type="ROUTE-BUS-SKEW-PB" Name="citac_vhdl_bus_skew_routed.pb"/>
  <File Type="ROUTE-BUS-SKEW-RPX" Name="citac_vhdl_bus_skew_routed.rpx"/>
  <File Type="POSTROUTE-PHYSOPT-DCP" Name="citac_vhdl_postroute_physopt.dcp"/>
  <File Type="POSTROUTE-PHYSOPT-BLACKBOX-DCP" Name="citac_vhdl_postroute_physopt_bb.dcp"/>
  <File Type="POSTROUTE-PHYSOPT-TIMING" Name="citac_vhdl_timing_summary_postroute_physopted.rpt"/>
  <File Type="POSTROUTE-PHYSOPT-TIMING-PB" Name="citac_vhdl_timing_summary_postroute_physopted.pb"/>
  <File Type="POSTROUTE-PHYSOPT-TIMING-RPX" Name="citac_vhdl_timing_summary_postroute_physopted.rpx"/>
  <File Type="POSTROUTE-PHYSOPT-BUS-SKEW" Name="citac_vhdl_bus_skew_postroute_physopted.rpt"/>
  <File Type="POSTROUTE-PHYSOPT-BUS-SKEW-PB" Name="citac_vhdl_bus_skew_postroute_physopted.pb"/>
  <File Type="BG-BIT" Name="citac_vhdl.bit"/>
  <File Type="POSTROUTE-PHYSOPT-BUS-SKEW-RPX" Name="citac_vhdl_bus_skew_postroute_physopted.rpx"/>
  <File Type="BITSTR-RBT" Name="citac_vhdl.rbt"/>
  <File Type="BITSTR-NKY" Name="citac_vhdl.nky"/>
  <File Type="BG-DRC" Name="citac_vhdl.drc"/>
  <File Type="RDI-RDI" Name="citac_vhdl.vdi"/>
  <File Type="WBT-USG" Name="usage_statistics_webtalk.html"/>
  <FileSet Name="sources" Type="DesignSrcs" RelSrcDir="$PSRCDIR/sources_1">
    <Filter Type="Srcs"/>
    <File Path="$PSRCDIR/sources_1/imports/Downloads/l4_next_state_logic.vhd">
      <FileInfo>
        <Attr Name="ImportPath" Val="$PPRDIR/../../../../../../Downloads/l4_next_state_logic.vhd"/>
        <Attr Name="ImportTime" Val="1646957101"/>
        <Attr Name="UsedIn" Val="synthesis"/>
        <Attr Name="UsedIn" Val="simulation"/>
      </FileInfo>
    </File>
    <File Path="$PSRCDIR/sources_1/imports/Downloads/l4_output_logic.vhd">
      <FileInfo>
        <Attr Name="ImportPath" Val="$PPRDIR/../../../../../../Downloads/l4_output_logic.vhd"/>
        <Attr Name="ImportTime" Val="1646957103"/>
        <Attr Name="UsedIn" Val="synthesis"/>
        <Attr Name="UsedIn" Val="simulation"/>
      </FileInfo>
    </File>
    <File Path="$PSRCDIR/sources_1/imports/tmp/mealy.vhd">
      <FileInfo>
        <Attr Name="ImportPath" Val="$PPRDIR/tmp/mealy.vhd"/>
        <Attr Name="ImportTime" Val="1647507073"/>
        <Attr Name="UsedIn" Val="synthesis"/>
        <Attr Name="UsedIn" Val="simulation"/>
      </FileInfo>
    </File>
    <File Path="$PSRCDIR/sources_1/imports/tmp/citac.vhd">
      <FileInfo>
        <Attr Name="ImportPath" Val="$PPRDIR/tmp/citac.vhd"/>
        <Attr Name="ImportTime" Val="1647507109"/>
        <Attr Name="UsedIn" Val="synthesis"/>
        <Attr Name="UsedIn" Val="simulation"/>
      </FileInfo>
    </File>
    <File Path="$PSRCDIR/sources_1/bd/mealy/mealy.bd">
      <FileInfo>
        <Attr Name="AutoDisabled" Val="1"/>
        <Attr Name="UsedIn" Val="synthesis"/>
        <Attr Name="UsedIn" Val="implementation"/>
        <Attr Name="UsedIn" Val="simulation"/>
      </FileInfo>
    </File>
    <File Path="$PSRCDIR/sources_1/bd/citac/citac.bd">
      <FileInfo>
        <Attr Name="AutoDisabled" Val="1"/>
        <Attr Name="UsedIn" Val="synthesis"/>
        <Attr Name="UsedIn" Val="implementation"/>
        <Attr Name="UsedIn" Val="simulation"/>
      </FileInfo>
    </File>
    <Config>
      <Option Name="DesignMode" Val="RTL"/>
      <Option Name="TopModule" Val="citac_vhdl"/>
      <Option Name="TopAutoSet" Val="TRUE"/>
    </Config>
  </FileSet>
  <FileSet Name="constrs_in" Type="Constrs" RelSrcDir="$PSRCDIR/constrs_1">
    <Filter Type="Constrs"/>
    <File Path="$PSRCDIR/constrs_1/new/citac.xdc">
      <FileInfo>
        <Attr Name="UsedIn" Val="synthesis"/>
        <Attr Name="UsedIn" Val="implementation"/>
      </FileInfo>
    </File>
    <Config>
      <Option Name="TargetConstrsFile" Val="$PSRCDIR/constrs_1/new/citac.xdc"/>
      <Option Name="ConstrsType" Val="XDC"/>
    </Config>
  </FileSet>
  <Strategy Version="1" Minor="2">
    <StratHandle Name="Vivado Implementation Defaults" Flow="Vivado Implementation 2018"/>
    <Step Id="init_design"/>
    <Step Id="opt_design"/>
    <Step Id="power_opt_design"/>
    <Step Id="place_design"/>
    <Step Id="post_place_power_opt_design"/>
    <Step Id="phys_opt_design"/>
    <Step Id="route_design"/>
    <Step Id="post_route_phys_opt_design"/>
    <Step Id="write_bitstream"/>
  </Strategy>
</GenRun>
