<?xml version="1.0" encoding="UTF-8"?>
<GenRun Id="synth_1" LaunchPart="xc7a35tcpg236-1" LaunchTime="1646851671">
  <File Type="PA-TCL" Name="scitacka_display_vhdl.tcl"/>
  <File Type="RDS-PROPCONSTRS" Name="scitacka_display_vhdl_drc_synth.rpt"/>
  <File Type="REPORTS-TCL" Name="scitacka_display_vhdl_reports.tcl"/>
  <File Type="RDS-RDS" Name="scitacka_display_vhdl.vds"/>
  <File Type="RDS-UTIL" Name="scitacka_display_vhdl_utilization_synth.rpt"/>
  <File Type="RDS-UTIL-PB" Name="scitacka_display_vhdl_utilization_synth.pb"/>
  <File Type="RDS-DCP" Name="scitacka_display_vhdl.dcp"/>
  <File Type="VDS-TIMINGSUMMARY" Name="scitacka_display_vhdl_timing_summary_synth.rpt"/>
  <File Type="VDS-TIMING-PB" Name="scitacka_display_vhdl_timing_summary_synth.pb"/>
  <FileSet Name="sources" Type="DesignSrcs" RelSrcDir="$PSRCDIR/sources_1">
    <Filter Type="Srcs"/>
    <File Path="$PSRCDIR/sources_1/imports/tmp/adder.vhd">
      <FileInfo>
        <Attr Name="ImportPath" Val="$PPRDIR/tmp/adder.vhd"/>
        <Attr Name="ImportTime" Val="1645095031"/>
        <Attr Name="UsedIn" Val="synthesis"/>
        <Attr Name="UsedIn" Val="simulation"/>
      </FileInfo>
    </File>
    <File Path="$PSRCDIR/sources_1/imports/tmp/adder_4b.vhd">
      <FileInfo>
        <Attr Name="ImportPath" Val="$PPRDIR/tmp/adder_4b.vhd"/>
        <Attr Name="ImportTime" Val="1645691447"/>
        <Attr Name="UsedIn" Val="synthesis"/>
        <Attr Name="UsedIn" Val="simulation"/>
      </FileInfo>
    </File>
    <File Path="$PSRCDIR/sources_1/imports/Desktop/decoder_algebra.vhd">
      <FileInfo>
        <Attr Name="ImportPath" Val="$PPRDIR/../../../../decoder_algebra.vhd"/>
        <Attr Name="ImportTime" Val="1645803627"/>
        <Attr Name="UsedIn" Val="synthesis"/>
        <Attr Name="UsedIn" Val="simulation"/>
      </FileInfo>
    </File>
    <File Path="$PSRCDIR/sources_1/imports/tmp/fullAdder.vhd">
      <FileInfo>
        <Attr Name="ImportPath" Val="$PPRDIR/tmp/fullAdder.vhd"/>
        <Attr Name="ImportTime" Val="1645096034"/>
        <Attr Name="UsedIn" Val="synthesis"/>
        <Attr Name="UsedIn" Val="simulation"/>
      </FileInfo>
    </File>
    <File Path="$PSRCDIR/sources_1/imports/tmp/scitacka_display.vhd">
      <FileInfo>
        <Attr Name="ImportPath" Val="$PPRDIR/tmp/scitacka_display.vhd"/>
        <Attr Name="ImportTime" Val="1646851117"/>
        <Attr Name="UsedIn" Val="synthesis"/>
        <Attr Name="UsedIn" Val="simulation"/>
      </FileInfo>
    </File>
    <File Path="$PSRCDIR/sources_1/bd/adder/adder.bd">
      <FileInfo>
        <Attr Name="AutoDisabled" Val="1"/>
        <Attr Name="UsedIn" Val="synthesis"/>
        <Attr Name="UsedIn" Val="implementation"/>
        <Attr Name="UsedIn" Val="simulation"/>
      </FileInfo>
    </File>
    <File Path="$PSRCDIR/sources_1/bd/fullAdder/fullAdder.bd">
      <FileInfo>
        <Attr Name="AutoDisabled" Val="1"/>
        <Attr Name="UsedIn" Val="synthesis"/>
        <Attr Name="UsedIn" Val="implementation"/>
        <Attr Name="UsedIn" Val="simulation"/>
      </FileInfo>
    </File>
    <File Path="$PSRCDIR/sources_1/bd/adder_4b/adder_4b.bd">
      <FileInfo>
        <Attr Name="AutoDisabled" Val="1"/>
        <Attr Name="UsedIn" Val="synthesis"/>
        <Attr Name="UsedIn" Val="implementation"/>
        <Attr Name="UsedIn" Val="simulation"/>
      </FileInfo>
    </File>
    <File Path="$PSRCDIR/sources_1/bd/scitacka_display/scitacka_display.bd">
      <FileInfo>
        <Attr Name="AutoDisabled" Val="1"/>
        <Attr Name="UsedIn" Val="synthesis"/>
        <Attr Name="UsedIn" Val="implementation"/>
        <Attr Name="UsedIn" Val="simulation"/>
      </FileInfo>
    </File>
    <Config>
      <Option Name="DesignMode" Val="RTL"/>
      <Option Name="TopModule" Val="scitacka_display_vhdl"/>
    </Config>
  </FileSet>
  <FileSet Name="constrs_in" Type="Constrs" RelSrcDir="$PSRCDIR/constrs_1">
    <Filter Type="Constrs"/>
    <File Path="$PSRCDIR/constrs_1/new/gates.xdc">
      <FileInfo>
        <Attr Name="UsedIn" Val="synthesis"/>
        <Attr Name="UsedIn" Val="implementation"/>
      </FileInfo>
    </File>
    <Config>
      <Option Name="TargetConstrsFile" Val="$PSRCDIR/constrs_1/new/gates.xdc"/>
      <Option Name="ConstrsType" Val="XDC"/>
    </Config>
  </FileSet>
  <Strategy Version="1" Minor="2">
    <StratHandle Name="Vivado Synthesis Defaults" Flow="Vivado Synthesis 2018"/>
    <Step Id="synth_design"/>
  </Strategy>
</GenRun>
